-- UP
INSERT INTO "public"."user" ("id","name","email","phone","password","deleted_at") VALUES ('a298051c-b6af-11eb-8529-0242ac130003','Admin','admin@mail.com',NULL,'8D969EEF6ECAD3C29A3A629280E686CF0C3F5D5A86AFF3CA12020C923ADC6C92',NULL);
INSERT INTO "public"."user" ("id","name","email","phone","password","deleted_at") VALUES ('cc5e0018-44be-4bd4-8045-556541eb0b2e','Landlord','landlord@mail.com',NULL,'8D969EEF6ECAD3C29A3A629280E686CF0C3F5D5A86AFF3CA12020C923ADC6C92',NULL);
INSERT INTO "public"."user" ("id","name","email","phone","password","deleted_at") VALUES ('92145c8e-5f38-471b-9ded-e03b6c0a0767','User','user@mail.com',NULL,'8D969EEF6ECAD3C29A3A629280E686CF0C3F5D5A86AFF3CA12020C923ADC6C92',NULL);
INSERT INTO "public"."user" ("id","name","email","phone","password","deleted_at") VALUES ('c0a4fc36-ad34-4d4a-883d-81056e4118a7','User2','user2@mail.com',NULL,NULL,NULL);
INSERT INTO "public"."role" ("id","name") VALUES ('4cc1053a-b6af-11eb-8529-0242ac130003','Admin');
INSERT INTO "public"."role" ("id","name") VALUES ('4cc1092c-b6af-11eb-8529-0242ac130003','Landlord');
INSERT INTO "public"."role" ("id","name") VALUES ('4cc10b66-b6af-11eb-8529-0242ac130003','User');
INSERT INTO "public"."profile" ("user_id","role_id") VALUES ('a298051c-b6af-11eb-8529-0242ac130003','4cc1053a-b6af-11eb-8529-0242ac130003');
INSERT INTO "public"."profile" ("user_id","role_id") VALUES ('a298051c-b6af-11eb-8529-0242ac130003','4cc1092c-b6af-11eb-8529-0242ac130003');
INSERT INTO "public"."profile" ("user_id","role_id") VALUES ('a298051c-b6af-11eb-8529-0242ac130003','4cc10b66-b6af-11eb-8529-0242ac130003');
INSERT INTO "public"."profile" ("user_id","role_id") VALUES ('cc5e0018-44be-4bd4-8045-556541eb0b2e','4cc1092c-b6af-11eb-8529-0242ac130003');
INSERT INTO "public"."profile" ("user_id","role_id") VALUES ('cc5e0018-44be-4bd4-8045-556541eb0b2e','4cc10b66-b6af-11eb-8529-0242ac130003');
INSERT INTO "public"."profile" ("user_id","role_id") VALUES ('92145c8e-5f38-471b-9ded-e03b6c0a0767','4cc10b66-b6af-11eb-8529-0242ac130003');
INSERT INTO "public"."profile" ("user_id","role_id") VALUES ('c0a4fc36-ad34-4d4a-883d-81056e4118a7','4cc10b66-b6af-11eb-8529-0242ac130003');
INSERT INTO "public"."city" ("id","name") VALUES ('29068e9e-39ba-4bb4-b743-a7ec1c4c5be0','Belo Horizonte');
INSERT INTO "public"."city" ("id","name") VALUES ('aa97dd1d-3536-467e-8879-088fa06f020a','São Paulo');
INSERT INTO "public"."city" ("id","name") VALUES ('0e6fe16b-814e-4390-9ff2-3d3b304693b4','Rio de Janeiro');
INSERT INTO "public"."district" ("id","city_id","name") VALUES ('8f408fe8-b9fd-4be7-9c67-219bf97c50c2','29068e9e-39ba-4bb4-b743-a7ec1c4c5be0','Santo Antônio');
INSERT INTO "public"."district" ("id","city_id","name") VALUES ('43259691-b040-4526-9a14-a41afdf2a68f','29068e9e-39ba-4bb4-b743-a7ec1c4c5be0','São Pedro');
INSERT INTO "public"."district" ("id","city_id","name") VALUES ('66d5b0e4-324e-4ad0-b1d0-4753823db163','aa97dd1d-3536-467e-8879-088fa06f020a','Moema');
INSERT INTO "public"."district" ("id","city_id","name") VALUES ('4f7cd01c-bf77-4f0a-aef8-2b8b8ba479f4','aa97dd1d-3536-467e-8879-088fa06f020a','Bela Vista');
INSERT INTO "public"."district" ("id","city_id","name") VALUES ('67781b14-13d2-49a4-905e-d7ccfcf43c20','0e6fe16b-814e-4390-9ff2-3d3b304693b4','Ipanema');
INSERT INTO "public"."district" ("id","city_id","name") VALUES ('786006a9-758b-44ea-8665-ab6d446d59f5','0e6fe16b-814e-4390-9ff2-3d3b304693b4','Leblon');
INSERT INTO "public"."residence" ("id","district_id","street","bedrooms","bathrooms","area","rent","tax","description","deleted_at") VALUES ('668c5b37-f50a-4684-bf09-73d5044ae369','8f408fe8-b9fd-4be7-9c67-219bf97c50c2','Rua Santo Antônio do Monte 09',2,1,60,2000,300,'O apartamento com atrás privativas tem três quartos sendo uma suíte, em piso laminado de madeira. Os banheiros, a cozinha, área de serviço, o quarto e banheiro de empregada são em granito. A sala é em porcelanato. Este apartamento com área privativa tem tres vagas. O prédio tem piscina, elevador com senha, hidrômetros e medidores de gás separados. Além de portas maciças na cozinha e sala (de entrada no apartamento) e janelas com persianas externas que vedam totalmente a passagem da luz. Tudo foi feito para ter um condomínio mais em conta. Todos os apartamentos lá são de frente e já tem armários embutidos, box, espelhos, luminárias, e acessórios de banheiro. Só não permitimos animais domésticos.',NULL);
INSERT INTO "public"."flat" ("id","condominium","floor") VALUES ('668c5b37-f50a-4684-bf09-73d5044ae369',0,0);
-- DOWN
DELETE FROM "public"."flat" WHERE "id" = '668c5b37-f50a-4684-bf09-73d5044ae369' AND "condominium" = 0 AND "floor" = 0;
DELETE FROM "public"."residence" WHERE "id" = '668c5b37-f50a-4684-bf09-73d5044ae369' AND "district_id" = '8f408fe8-b9fd-4be7-9c67-219bf97c50c2' AND "street" = 'Rua Santo Antônio do Monte 09' AND "bedrooms" = 2 AND "bathrooms" = 1 AND "area" = 60 AND "rent" = 2000 AND "tax" = 300 AND "description" = 'O apartamento com atrás privativas tem três quartos sendo uma suíte, em piso laminado de madeira. Os banheiros, a cozinha, área de serviço, o quarto e banheiro de empregada são em granito. A sala é em porcelanato. Este apartamento com área privativa tem tres vagas. O prédio tem piscina, elevador com senha, hidrômetros e medidores de gás separados. Além de portas maciças na cozinha e sala (de entrada no apartamento) e janelas com persianas externas que vedam totalmente a passagem da luz. Tudo foi feito para ter um condomínio mais em conta. Todos os apartamentos lá são de frente e já tem armários embutidos, box, espelhos, luminárias, e acessórios de banheiro. Só não permitimos animais domésticos.' AND "deleted_at" IS NULL;
DELETE FROM "public"."district" WHERE "id" = '8f408fe8-b9fd-4be7-9c67-219bf97c50c2' AND "city_id" = '29068e9e-39ba-4bb4-b743-a7ec1c4c5be0' AND "name" = 'Santo Antônio';
DELETE FROM "public"."district" WHERE "id" = '43259691-b040-4526-9a14-a41afdf2a68f' AND "city_id" = '29068e9e-39ba-4bb4-b743-a7ec1c4c5be0' AND "name" = 'São Pedro';
DELETE FROM "public"."district" WHERE "id" = '66d5b0e4-324e-4ad0-b1d0-4753823db163' AND "city_id" = 'aa97dd1d-3536-467e-8879-088fa06f020a' AND "name" = 'Moema';
DELETE FROM "public"."district" WHERE "id" = '4f7cd01c-bf77-4f0a-aef8-2b8b8ba479f4' AND "city_id" = 'aa97dd1d-3536-467e-8879-088fa06f020a' AND "name" = 'Bela Vista';
DELETE FROM "public"."district" WHERE "id" = '67781b14-13d2-49a4-905e-d7ccfcf43c20' AND "city_id" = '0e6fe16b-814e-4390-9ff2-3d3b304693b4' AND "name" = 'Ipanema';
DELETE FROM "public"."district" WHERE "id" = '786006a9-758b-44ea-8665-ab6d446d59f5' AND "city_id" = '0e6fe16b-814e-4390-9ff2-3d3b304693b4' AND "name" = 'Leblon';
DELETE FROM "public"."city" WHERE "id" = '29068e9e-39ba-4bb4-b743-a7ec1c4c5be0' AND "name" = 'Belo Horizonte';
DELETE FROM "public"."city" WHERE "id" = 'aa97dd1d-3536-467e-8879-088fa06f020a' AND "name" = 'São Paulo';
DELETE FROM "public"."city" WHERE "id" = '0e6fe16b-814e-4390-9ff2-3d3b304693b4' AND "name" = 'Rio de Janeiro';
DELETE FROM "public"."profile" WHERE "user_id" = 'a298051c-b6af-11eb-8529-0242ac130003' AND "role_id" = '4cc1053a-b6af-11eb-8529-0242ac130003';
DELETE FROM "public"."profile" WHERE "user_id" = 'a298051c-b6af-11eb-8529-0242ac130003' AND "role_id" = '4cc1092c-b6af-11eb-8529-0242ac130003';
DELETE FROM "public"."profile" WHERE "user_id" = 'a298051c-b6af-11eb-8529-0242ac130003' AND "role_id" = '4cc10b66-b6af-11eb-8529-0242ac130003';
DELETE FROM "public"."profile" WHERE "user_id" = 'cc5e0018-44be-4bd4-8045-556541eb0b2e' AND "role_id" = '4cc1092c-b6af-11eb-8529-0242ac130003';
DELETE FROM "public"."profile" WHERE "user_id" = 'cc5e0018-44be-4bd4-8045-556541eb0b2e' AND "role_id" = '4cc10b66-b6af-11eb-8529-0242ac130003';
DELETE FROM "public"."profile" WHERE "user_id" = '92145c8e-5f38-471b-9ded-e03b6c0a0767' AND "role_id" = '4cc10b66-b6af-11eb-8529-0242ac130003';
DELETE FROM "public"."profile" WHERE "user_id" = 'c0a4fc36-ad34-4d4a-883d-81056e4118a7' AND "role_id" = '4cc10b66-b6af-11eb-8529-0242ac130003';
DELETE FROM "public"."role" WHERE "id" = '4cc1053a-b6af-11eb-8529-0242ac130003' AND "name" = 'Admin';
DELETE FROM "public"."role" WHERE "id" = '4cc1092c-b6af-11eb-8529-0242ac130003' AND "name" = 'Landlord';
DELETE FROM "public"."role" WHERE "id" = '4cc10b66-b6af-11eb-8529-0242ac130003' AND "name" = 'User';
DELETE FROM "public"."user" WHERE "id" = 'a298051c-b6af-11eb-8529-0242ac130003' AND "name" = 'Admin' AND "email" = 'admin@mail.com' AND "phone" IS NULL AND "password" = '8D969EEF6ECAD3C29A3A629280E686CF0C3F5D5A86AFF3CA12020C923ADC6C92' AND "deleted_at" IS NULL;
DELETE FROM "public"."user" WHERE "id" = 'cc5e0018-44be-4bd4-8045-556541eb0b2e' AND "name" = 'Landlord' AND "email" = 'landlord@mail.com' AND "phone" IS NULL AND "password" = '8D969EEF6ECAD3C29A3A629280E686CF0C3F5D5A86AFF3CA12020C923ADC6C92' AND "deleted_at" IS NULL;
DELETE FROM "public"."user" WHERE "id" = '92145c8e-5f38-471b-9ded-e03b6c0a0767' AND "name" = 'User' AND "email" = 'user@mail.com' AND "phone" IS NULL AND "password" = '8D969EEF6ECAD3C29A3A629280E686CF0C3F5D5A86AFF3CA12020C923ADC6C92' AND "deleted_at" IS NULL;
DELETE FROM "public"."user" WHERE "id" = 'c0a4fc36-ad34-4d4a-883d-81056e4118a7' AND "name" = 'User2' AND "email" = 'user2@mail.com' AND "phone" IS NULL AND "password" IS NULL AND "deleted_at" IS NULL;
